{"products":[{"id":"0.8611208566265189","qty":1}],"totalPrice":11.440000000000005}